chr,chrstart,orients,Idx
chr8,127710000,+,0
chr8,127710000,+,1
chr8,127710000,+,2
chr8,127710000,+,3
chr8,127710000,+,4
chr8,127710000,+,5
chr8,127710000,+,6
chr8,127710000,+,7
chr8,127710000,+,8
chr8,127710000,+,9
chr8,127710000,+,10
chr8,127710000,+,11
chr8,127715000,+,0
chr8,127715000,+,1
chr8,127715000,+,2
chr8,127715000,+,3
chr8,127715000,+,4
chr8,127715000,+,5
chr8,127715000,+,6
chr8,127715000,+,7
chr8,127715000,+,8
chr8,127715000,+,9
chr8,127715000,+,10
chr8,127715000,+,11
chr8,127720000,+,0
chr8,127720000,+,1
chr8,127720000,+,2
chr8,127720000,+,3
chr8,127720000,+,4
chr8,127720000,+,5
chr8,127720000,+,6
chr8,127720000,+,7
chr8,127720000,+,8
chr8,127720000,+,9
chr8,127720000,+,10
chr8,127720000,+,11
chr8,127725000,+,0
chr8,127725000,+,1
chr8,127725000,+,2
chr8,127725000,+,3
chr8,127725000,+,4
chr8,127725000,+,5
chr8,127725000,+,6
chr8,127725000,+,7
chr8,127725000,+,8
chr8,127725000,+,9
chr8,127725000,+,10
chr8,127725000,+,11
chr8,127730000,+,0
chr8,127730000,+,1
chr8,127730000,+,2
chr8,127730000,+,3
chr8,127730000,+,4
chr8,127730000,+,5
chr8,127730000,+,6
chr8,127730000,+,7
chr8,127730000,+,8
chr8,127730000,+,9
chr8,127730000,+,10
chr8,127730000,+,11
chr8,127735000,+,0
chr8,127735000,+,1
chr8,127735000,+,2
chr8,127735000,+,3
chr8,127735000,+,4
chr8,127735000,+,5
chr8,127735000,+,6
chr8,127735000,+,7
chr8,127735000,+,8
chr8,127735000,+,9
chr8,127735000,+,10
chr8,127735000,+,11
chr8,127740000,+,0
chr8,127740000,+,1
chr8,127740000,+,2
chr8,127740000,+,3
chr8,127740000,+,4
chr8,127740000,+,5
chr8,127740000,+,6
chr8,127740000,+,7
chr8,127740000,+,8
chr8,127740000,+,9
chr8,127740000,+,10
chr8,127740000,+,11
chr8,127745000,+,0
chr8,127745000,+,1
chr8,127745000,+,2
chr8,127745000,+,3
chr8,127745000,+,4
chr8,127745000,+,5
chr8,127745000,+,6
chr8,127745000,+,7
chr8,127745000,+,8
chr8,127745000,+,9
chr8,127745000,+,10
chr8,127745000,+,11
chr8,127750000,+,0
chr8,127750000,+,1
chr8,127750000,+,2
chr8,127750000,+,3
chr8,127750000,+,4
chr8,127750000,+,5
chr8,127750000,+,6
chr8,127750000,+,7
chr8,127750000,+,8
chr8,127750000,+,9
chr8,127750000,+,10
chr8,127750000,+,11
chr8,127755000,+,0
chr8,127755000,+,1
chr8,127755000,+,2
chr8,127755000,+,3
chr8,127755000,+,4
chr8,127755000,+,5
chr8,127755000,+,6
chr8,127755000,+,7
chr8,127755000,+,8
chr8,127755000,+,9
chr8,127755000,+,10
chr8,127755000,+,11
chr8,127760000,+,0
chr8,127760000,+,1
chr8,127760000,+,2
chr8,127760000,+,3
chr8,127760000,+,4
chr8,127760000,+,5
chr8,127760000,+,6
chr8,127760000,+,7
chr8,127760000,+,8
chr8,127760000,+,9
chr8,127760000,+,10
chr8,127760000,+,11
chr8,127765000,+,0
chr8,127765000,+,1
chr8,127765000,+,2
chr8,127765000,+,3
chr8,127765000,+,4
chr8,127765000,+,5
chr8,127765000,+,6
chr8,127765000,+,7
chr8,127765000,+,8
chr8,127765000,+,9
chr8,127765000,+,10
chr8,127765000,+,11
chr8,127770000,+,0
chr8,127770000,+,1
chr8,127770000,+,2
chr8,127770000,+,3
chr8,127770000,+,4
chr8,127770000,+,5
chr8,127770000,+,6
chr8,127770000,+,7
chr8,127770000,+,8
chr8,127770000,+,9
chr8,127770000,+,10
chr8,127770000,+,11
chr8,127775000,+,0
chr8,127775000,+,1
chr8,127775000,+,2
chr8,127775000,+,3
chr8,127775000,+,4
chr8,127775000,+,5
chr8,127775000,+,6
chr8,127775000,+,7
chr8,127775000,+,8
chr8,127775000,+,9
chr8,127775000,+,10
chr8,127775000,+,11
chr12,57700000,+,0
chr12,57700000,+,1
chr12,57700000,+,2
chr12,57700000,+,3
chr12,57700000,+,4
chr12,57700000,+,5
chr12,57700000,+,6
chr12,57700000,+,7
chr12,57700000,+,8
chr12,57700000,+,9
chr12,57700000,+,10
chr12,57700000,+,11
chr12,57705000,+,0
chr12,57705000,+,1
chr12,57705000,+,2
chr12,57705000,+,3
chr12,57705000,+,4
chr12,57705000,+,5
chr12,57705000,+,6
chr12,57705000,+,7
chr12,57705000,+,8
chr12,57705000,+,9
chr12,57705000,+,10
chr12,57705000,+,11
chr12,57710000,+,0
chr12,57710000,+,1
chr12,57710000,+,2
chr12,57710000,+,3
chr12,57710000,+,4
chr12,57710000,+,5
chr12,57710000,+,6
chr12,57710000,+,7
chr12,57710000,+,8
chr12,57710000,+,9
chr12,57710000,+,10
chr12,57710000,+,11
chr12,57715000,+,0
chr12,57715000,+,1
chr12,57715000,+,2
chr12,57715000,+,3
chr12,57715000,+,4
chr12,57715000,+,5
chr12,57715000,+,6
chr12,57715000,+,7
chr12,57715000,+,8
chr12,57715000,+,9
chr12,57715000,+,10
chr12,57715000,+,11
chr12,57720000,+,0
chr12,57720000,+,1
chr12,57720000,+,2
chr12,57720000,+,3
chr12,57720000,+,4
chr12,57720000,+,5
chr12,57720000,+,6
chr12,57720000,+,7
chr12,57720000,+,8
chr12,57720000,+,9
chr12,57720000,+,10
chr12,57720000,+,11
chr12,57725000,+,0
chr12,57725000,+,1
chr12,57725000,+,2
chr12,57725000,+,3
chr12,57725000,+,4
chr12,57725000,+,5
chr12,57725000,+,6
chr12,57725000,+,7
chr12,57725000,+,8
chr12,57725000,+,9
chr12,57725000,+,10
chr12,57725000,+,11
chr12,57730000,+,0
chr12,57730000,+,1
chr12,57730000,+,2
chr12,57730000,+,3
chr12,57730000,+,4
chr12,57730000,+,5
chr12,57730000,+,6
chr12,57730000,+,7
chr12,57730000,+,8
chr12,57730000,+,9
chr12,57730000,+,10
chr12,57730000,+,11
chr12,57735000,+,0
chr12,57735000,+,1
chr12,57735000,+,2
chr12,57735000,+,3
chr12,57735000,+,4
chr12,57735000,+,5
chr12,57735000,+,6
chr12,57735000,+,7
chr12,57735000,+,8
chr12,57735000,+,9
chr12,57735000,+,10
chr12,57735000,+,11
chr12,57740000,+,0
chr12,57740000,+,1
chr12,57740000,+,2
chr12,57740000,+,3
chr12,57740000,+,4
chr12,57740000,+,5
chr12,57740000,+,6
chr12,57740000,+,7
chr12,57740000,+,8
chr12,57740000,+,9
chr12,57740000,+,10
chr12,57740000,+,11
chr12,57745000,+,0
chr12,57745000,+,1
chr12,57745000,+,2
chr12,57745000,+,3
chr12,57745000,+,4
chr12,57745000,+,5
chr12,57745000,+,6
chr12,57745000,+,7
chr12,57745000,+,8
chr12,57745000,+,9
chr12,57745000,+,10
chr12,57745000,+,11
chr12,57750000,+,0
chr12,57750000,+,1
chr12,57750000,+,2
chr12,57750000,+,3
chr12,57750000,+,4
chr12,57750000,+,5
chr12,57750000,+,6
chr12,57750000,+,7
chr12,57750000,+,8
chr12,57750000,+,9
chr12,57750000,+,10
chr12,57750000,+,11
chr12,57755000,+,0
chr12,57755000,+,1
chr12,57755000,+,2
chr12,57755000,+,3
chr12,57755000,+,4
chr12,57755000,+,5
chr12,57755000,+,6
chr12,57755000,+,7
chr12,57755000,+,8
chr12,57755000,+,9
chr12,57755000,+,10
chr12,57755000,+,11
chr12,57760000,+,0
chr12,57760000,+,1
chr12,57760000,+,2
chr12,57760000,+,3
chr12,57760000,+,4
chr12,57760000,+,5
chr12,57760000,+,6
chr12,57760000,+,7
chr12,57760000,+,8
chr12,57760000,+,9
chr12,57760000,+,10
chr12,57760000,+,11
chr12,57765000,+,0
chr12,57765000,+,1
chr12,57765000,+,2
chr12,57765000,+,3
chr12,57765000,+,4
chr12,57765000,+,5
chr12,57765000,+,6
chr12,57765000,+,7
chr12,57765000,+,8
chr12,57765000,+,9
chr12,57765000,+,10
chr12,57765000,+,11
chr12,57770000,+,0
chr12,57770000,+,1
chr12,57770000,+,2
chr12,57770000,+,3
chr12,57770000,+,4
chr12,57770000,+,5
chr12,57770000,+,6
chr12,57770000,+,7
chr12,57770000,+,8
chr12,57770000,+,9
chr12,57770000,+,10
chr12,57770000,+,11
chr12,57775000,+,0
chr12,57775000,+,1
chr12,57775000,+,2
chr12,57775000,+,3
chr12,57775000,+,4
chr12,57775000,+,5
chr12,57775000,+,6
chr12,57775000,+,7
chr12,57775000,+,8
chr12,57775000,+,9
chr12,57775000,+,10
chr12,57775000,+,11
chr12,57780000,+,0
chr12,57780000,+,1
chr12,57780000,+,2
chr12,57780000,+,3
chr12,57780000,+,4
chr12,57780000,+,5
chr12,57780000,+,6
chr12,57780000,+,7
chr12,57780000,+,8
chr12,57780000,+,9
chr12,57780000,+,10
chr12,57780000,+,11
chr12,57785000,+,0
chr12,57785000,+,1
chr12,57785000,+,2
chr12,57785000,+,3
chr12,57785000,+,4
chr12,57785000,+,5
chr12,57785000,+,6
chr12,57785000,+,7
chr12,57785000,+,8
chr12,57785000,+,9
chr12,57785000,+,10
chr12,57785000,+,11
chr12,57790000,+,0
chr12,57790000,+,1
chr12,57790000,+,2
chr12,57790000,+,3
chr12,57790000,+,4
chr12,57790000,+,5
chr12,57790000,+,6
chr12,57790000,+,7
chr12,57790000,+,8
chr12,57790000,+,9
chr12,57790000,+,10
chr12,57790000,+,11
chr12,57795000,+,0
chr12,57795000,+,1
chr12,57795000,+,2
chr12,57795000,+,3
chr12,57795000,+,4
chr12,57795000,+,5
chr12,57795000,+,6
chr12,57795000,+,7
chr12,57795000,+,8
chr12,57795000,+,9
chr12,57795000,+,10
chr12,57795000,+,11
chr12,57800000,+,0
chr12,57800000,+,1
chr12,57800000,+,2
chr12,57800000,+,3
chr12,57800000,+,4
chr12,57800000,+,5
chr12,57800000,+,6
chr12,57800000,+,7
chr12,57800000,+,8
chr12,57800000,+,9
chr12,57800000,+,10
chr12,57800000,+,11
chr12,57805000,+,0
chr12,57805000,+,1
chr12,57805000,+,2
chr12,57805000,+,3
chr12,57805000,+,4
chr12,57805000,+,5
chr12,57805000,+,6
chr12,57805000,+,7
chr12,57805000,+,8
chr12,57805000,+,9
chr12,57805000,+,10
chr12,57805000,+,11
chr12,57810000,+,0
chr12,57810000,+,1
chr12,57810000,+,2
chr12,57810000,+,3
chr12,57810000,+,4
chr12,57810000,+,5
chr12,57810000,+,6
chr12,57810000,+,7
chr12,57810000,+,8
chr12,57810000,+,9
chr12,57810000,+,10
chr12,57810000,+,11
chr12,57815000,+,0
chr12,57815000,+,1
chr12,57815000,+,2
chr12,57815000,+,3
chr12,57815000,+,4
chr12,57815000,+,5
chr12,57815000,+,6
chr12,57815000,+,7
chr12,57815000,+,8
chr12,57815000,+,9
chr12,57815000,+,10
chr12,57815000,+,11
chr12,57820000,+,0
chr12,57820000,+,1
chr12,57820000,+,2
chr12,57820000,+,3
chr12,57820000,+,4
chr12,57820000,+,5
chr12,57820000,+,6
chr12,57820000,+,7
chr12,57820000,+,8
chr12,57820000,+,9
chr12,57820000,+,10
chr12,57820000,+,11
chr12,57825000,+,0
chr12,57825000,+,1
chr12,57825000,+,2
chr12,57825000,+,3
chr12,57825000,+,4
chr12,57825000,+,5
chr12,57825000,+,6
chr12,57825000,+,7
chr12,57825000,+,8
chr12,57825000,+,9
chr12,57825000,+,10
chr12,57825000,+,11
chr12,57830000,+,0
chr12,57830000,+,1
chr12,57830000,+,2
chr12,57830000,+,3
chr12,57830000,+,4
chr12,57830000,+,5
chr12,57830000,+,6
chr12,57830000,+,7
chr12,57830000,+,8
chr12,57830000,+,9
chr12,57830000,+,10
chr12,57830000,+,11
chr12,57835000,+,0
chr12,57835000,+,1
chr12,57835000,+,2
chr12,57835000,+,3
chr12,57835000,+,4
chr12,57835000,+,5
chr12,57835000,+,6
chr12,57835000,+,7
chr12,57835000,+,8
chr12,57835000,+,9
chr12,57835000,+,10
chr12,57835000,+,11
chr12,57840000,+,0
chr12,57840000,+,1
chr12,57840000,+,2
chr12,57840000,+,3
chr12,57840000,+,4
chr12,57840000,+,5
chr12,57840000,+,6
chr12,57840000,+,7
chr12,57840000,+,8
chr12,57840000,+,9
chr12,57840000,+,10
chr12,57840000,+,11
chr12,57845000,+,0
chr12,57845000,+,1
chr12,57845000,+,2
chr12,57845000,+,3
chr12,57845000,+,4
chr12,57845000,+,5
chr12,57845000,+,6
chr12,57845000,+,7
chr12,57845000,+,8
chr12,57845000,+,9
chr12,57845000,+,10
chr12,57845000,+,11
chr12,57850000,+,0
chr12,57850000,+,1
chr12,57850000,+,2
chr12,57850000,+,3
chr12,57850000,+,4
chr12,57850000,+,5
chr12,57850000,+,6
chr12,57850000,+,7
chr12,57850000,+,8
chr12,57850000,+,9
chr12,57850000,+,10
chr12,57850000,+,11
chr12,57855000,+,0
chr12,57855000,+,1
chr12,57855000,+,2
chr12,57855000,+,3
chr12,57855000,+,4
chr12,57855000,+,5
chr12,57855000,+,6
chr12,57855000,+,7
chr12,57855000,+,8
chr12,57855000,+,9
chr12,57855000,+,10
chr12,57855000,+,11
chr12,57860000,+,0
chr12,57860000,+,1
chr12,57860000,+,2
chr12,57860000,+,3
chr12,57860000,+,4
chr12,57860000,+,5
chr12,57860000,+,6
chr12,57860000,+,7
chr12,57860000,+,8
chr12,57860000,+,9
chr12,57860000,+,10
chr12,57860000,+,11
chr12,57865000,+,0
chr12,57865000,+,1
chr12,57865000,+,2
chr12,57865000,+,3
chr12,57865000,+,4
chr12,57865000,+,5
chr12,57865000,+,6
chr12,57865000,+,7
chr12,57865000,+,8
chr12,57865000,+,9
chr12,57865000,+,10
chr12,57865000,+,11
chr12,57870000,+,0
chr12,57870000,+,1
chr12,57870000,+,2
chr12,57870000,+,3
chr12,57870000,+,4
chr12,57870000,+,5
chr12,57870000,+,6
chr12,57870000,+,7
chr12,57870000,+,8
chr12,57870000,+,9
chr12,57870000,+,10
chr12,57870000,+,11
chr12,57875000,+,0
chr12,57875000,+,1
chr12,57875000,+,2
chr12,57875000,+,3
chr12,57875000,+,4
chr12,57875000,+,5
chr12,57875000,+,6
chr12,57875000,+,7
chr12,57875000,+,8
chr12,57875000,+,9
chr12,57875000,+,10
chr12,57875000,+,11
chr12,57880000,+,0
chr12,57880000,+,1
chr12,57880000,+,2
chr12,57880000,+,3
chr12,57880000,+,4
chr12,57880000,+,5
chr12,57880000,+,6
chr12,57880000,+,7
chr12,57880000,+,8
chr12,57880000,+,9
chr12,57880000,+,10
chr12,57880000,+,11
chr12,57885000,+,0
chr12,57885000,+,1
chr12,57885000,+,2
chr12,57885000,+,3
chr12,57885000,+,4
chr12,57885000,+,5
chr12,57885000,+,6
chr12,57885000,+,7
chr12,57885000,+,8
chr12,57885000,+,9
chr12,57885000,+,10
chr12,57885000,+,11
chr12,57890000,+,0
chr12,57890000,+,1
chr12,57890000,+,2
chr12,57890000,+,3
chr12,57890000,+,4
chr12,57890000,+,5
chr12,57890000,+,6
chr12,57890000,+,7
chr12,57890000,+,8
chr12,57890000,+,9
chr12,57890000,+,10
chr12,57890000,+,11
chr12,57895000,+,0
chr12,57895000,+,1
chr12,57895000,+,2
chr12,57895000,+,3
chr12,57895000,+,4
chr12,57895000,+,5
chr12,57895000,+,6
chr12,57895000,+,7
chr12,57895000,+,8
chr12,57895000,+,9
chr12,57895000,+,10
chr12,57895000,+,11
chr12,57900000,+,0
chr12,57900000,+,1
chr12,57900000,+,2
chr12,57900000,+,3
chr12,57900000,+,4
chr12,57900000,+,5
chr12,57900000,+,6
chr12,57900000,+,7
chr12,57900000,+,8
chr12,57900000,+,9
chr12,57900000,+,10
chr12,57900000,+,11
chr12,57905000,+,0
chr12,57905000,+,1
chr12,57905000,+,2
chr12,57905000,+,3
chr12,57905000,+,4
chr12,57905000,+,5
chr12,57905000,+,6
chr12,57905000,+,7
chr12,57905000,+,8
chr12,57905000,+,9
chr12,57905000,+,10
chr12,57905000,+,11
chr12,57910000,+,0
chr12,57910000,+,1
chr12,57910000,+,2
chr12,57910000,+,3
chr12,57910000,+,4
chr12,57910000,+,5
chr12,57910000,+,6
chr12,57910000,+,7
chr12,57910000,+,8
chr12,57910000,+,9
chr12,57910000,+,10
chr12,57910000,+,11
chr12,57915000,+,0
chr12,57915000,+,1
chr12,57915000,+,2
chr12,57915000,+,3
chr12,57915000,+,4
chr12,57915000,+,5
chr12,57915000,+,6
chr12,57915000,+,7
chr12,57915000,+,8
chr12,57915000,+,9
chr12,57915000,+,10
chr12,57915000,+,11
chr12,57920000,+,0
chr12,57920000,+,1
chr12,57920000,+,2
chr12,57920000,+,3
chr12,57920000,+,4
chr12,57920000,+,5
chr12,57920000,+,6
chr12,57920000,+,7
chr12,57920000,+,8
chr12,57920000,+,9
chr12,57920000,+,10
chr12,57920000,+,11
chr12,57925000,+,0
chr12,57925000,+,1
chr12,57925000,+,2
chr12,57925000,+,3
chr12,57925000,+,4
chr12,57925000,+,5
chr12,57925000,+,6
chr12,57925000,+,7
chr12,57925000,+,8
chr12,57925000,+,9
chr12,57925000,+,10
chr12,57925000,+,11
chr12,57930000,+,0
chr12,57930000,+,1
chr12,57930000,+,2
chr12,57930000,+,3
chr12,57930000,+,4
chr12,57930000,+,5
chr12,57930000,+,6
chr12,57930000,+,7
chr12,57930000,+,8
chr12,57930000,+,9
chr12,57930000,+,10
chr12,57930000,+,11
chr12,57935000,+,0
chr12,57935000,+,1
chr12,57935000,+,2
chr12,57935000,+,3
chr12,57935000,+,4
chr12,57935000,+,5
chr12,57935000,+,6
chr12,57935000,+,7
chr12,57935000,+,8
chr12,57935000,+,9
chr12,57935000,+,10
chr12,57935000,+,11
chr12,57940000,+,0
chr12,57940000,+,1
chr12,57940000,+,2
chr12,57940000,+,3
chr12,57940000,+,4
chr12,57940000,+,5
chr12,57940000,+,6
chr12,57940000,+,7
chr12,57940000,+,8
chr12,57940000,+,9
chr12,57940000,+,10
chr12,57940000,+,11
chr12,57945000,+,0
chr12,57945000,+,1
chr12,57945000,+,2
chr12,57945000,+,3
chr12,57945000,+,4
chr12,57945000,+,5
chr12,57945000,+,6
chr12,57945000,+,7
chr12,57945000,+,8
chr12,57945000,+,9
chr12,57945000,+,10
chr12,57945000,+,11
chr12,57950000,+,0
chr12,57950000,+,1
chr12,57950000,+,2
chr12,57950000,+,3
chr12,57950000,+,4
chr12,57950000,+,5
chr12,57950000,+,6
chr12,57950000,+,7
chr12,57950000,+,8
chr12,57950000,+,9
chr12,57950000,+,10
chr12,57950000,+,11
chr12,57955000,+,0
chr12,57955000,+,1
chr12,57955000,+,2
chr12,57955000,+,3
chr12,57955000,+,4
chr12,57955000,+,5
chr12,57955000,+,6
chr12,57955000,+,7
chr12,57955000,+,8
chr12,57955000,+,9
chr12,57955000,+,10
chr12,57955000,+,11
chr12,57960000,+,0
chr12,57960000,+,1
chr12,57960000,+,2
chr12,57960000,+,3
chr12,57960000,+,4
chr12,57960000,+,5
chr12,57960000,+,6
chr12,57960000,+,7
chr12,57960000,+,8
chr12,57960000,+,9
chr12,57960000,+,10
chr12,57960000,+,11
chr12,57965000,+,0
chr12,57965000,+,1
chr12,57965000,+,2
chr12,57965000,+,3
chr12,57965000,+,4
chr12,57965000,+,5
chr12,57965000,+,6
chr12,57965000,+,7
chr12,57965000,+,8
chr12,57965000,+,9
chr12,57965000,+,10
chr12,57965000,+,11
chr12,57970000,+,0
chr12,57970000,+,1
chr12,57970000,+,2
chr12,57970000,+,3
chr12,57970000,+,4
chr12,57970000,+,5
chr12,57970000,+,6
chr12,57970000,+,7
chr12,57970000,+,8
chr12,57970000,+,9
chr12,57970000,+,10
chr12,57970000,+,11
chr12,57975000,+,0
chr12,57975000,+,1
chr12,57975000,+,2
chr12,57975000,+,3
chr12,57975000,+,4
chr12,57975000,+,5
chr12,57975000,+,6
chr12,57975000,+,7
chr12,57975000,+,8
chr12,57975000,+,9
chr12,57975000,+,10
chr12,57975000,+,11
chr12,57980000,+,0
chr12,57980000,+,1
chr12,57980000,+,2
chr12,57980000,+,3
chr12,57980000,+,4
chr12,57980000,+,5
chr12,57980000,+,6
chr12,57980000,+,7
chr12,57980000,+,8
chr12,57980000,+,9
chr12,57980000,+,10
chr12,57980000,+,11
chr12,57985000,+,0
chr12,57985000,+,1
chr12,57985000,+,2
chr12,57985000,+,3
chr12,57985000,+,4
chr12,57985000,+,5
chr12,57985000,+,6
chr12,57985000,+,7
chr12,57985000,+,8
chr12,57985000,+,9
chr12,57985000,+,10
chr12,57985000,+,11
chr12,57990000,+,0
chr12,57990000,+,1
chr12,57990000,+,2
chr12,57990000,+,3
chr12,57990000,+,4
chr12,57990000,+,5
chr12,57990000,+,6
chr12,57990000,+,7
chr12,57990000,+,8
chr12,57990000,+,9
chr12,57990000,+,10
chr12,57990000,+,11
chr12,57995000,+,0
chr12,57995000,+,1
chr12,57995000,+,2
chr12,57995000,+,3
chr12,57995000,+,4
chr12,57995000,+,5
chr12,57995000,+,6
chr12,57995000,+,7
chr12,57995000,+,8
chr12,57995000,+,9
chr12,57995000,+,10
chr12,57995000,+,11
chr12,58000000,+,0
chr12,58000000,+,1
chr12,58000000,+,2
chr12,58000000,+,3
chr12,58000000,+,4
chr12,58000000,+,5
chr12,58000000,+,6
chr12,58000000,+,7
chr12,58000000,+,8
chr12,58000000,+,9
chr12,58000000,+,10
chr12,58000000,+,11
chr12,58005000,+,0
chr12,58005000,+,1
chr12,58005000,+,2
chr12,58005000,+,3
chr12,58005000,+,4
chr12,58005000,+,5
chr12,58005000,+,6
chr12,58005000,+,7
chr12,58005000,+,8
chr12,58005000,+,9
chr12,58005000,+,10
chr12,58005000,+,11
chr12,58010000,+,0
chr12,58010000,+,1
chr12,58010000,+,2
chr12,58010000,+,3
chr12,58010000,+,4
chr12,58010000,+,5
chr12,58010000,+,6
chr12,58010000,+,7
chr12,58010000,+,8
chr12,58010000,+,9
chr12,58010000,+,10
chr12,58010000,+,11
chr12,58015000,+,0
chr12,58015000,+,1
chr12,58015000,+,2
chr12,58015000,+,3
chr12,58015000,+,4
chr12,58015000,+,5
chr12,58015000,+,6
chr12,58015000,+,7
chr12,58015000,+,8
chr12,58015000,+,9
chr12,58015000,+,10
chr12,58015000,+,11
chr12,58020000,+,0
chr12,58020000,+,1
chr12,58020000,+,2
chr12,58020000,+,3
chr12,58020000,+,4
chr12,58020000,+,5
chr12,58020000,+,6
chr12,58020000,+,7
chr12,58020000,+,8
chr12,58020000,+,9
chr12,58020000,+,10
chr12,58020000,+,11
chr12,58025000,+,0
chr12,58025000,+,1
chr12,58025000,+,2
chr12,58025000,+,3
chr12,58025000,+,4
chr12,58025000,+,5
chr12,58025000,+,6
chr12,58025000,+,7
chr12,58025000,+,8
chr12,58025000,+,9
chr12,58025000,+,10
chr12,58025000,+,11
chr12,58030000,+,0
chr12,58030000,+,1
chr12,58030000,+,2
chr12,58030000,+,3
chr12,58030000,+,4
chr12,58030000,+,5
chr12,58030000,+,6
chr12,58030000,+,7
chr12,58030000,+,8
chr12,58030000,+,9
chr12,58030000,+,10
chr12,58030000,+,11
chr12,58035000,+,0
chr12,58035000,+,1
chr12,58035000,+,2
chr12,58035000,+,3
chr12,58035000,+,4
chr12,58035000,+,5
chr12,58035000,+,6
chr12,58035000,+,7
chr12,58035000,+,8
chr12,58035000,+,9
chr12,58035000,+,10
chr12,58035000,+,11
chr12,58040000,+,0
chr12,58040000,+,1
chr12,58040000,+,2
chr12,58040000,+,3
chr12,58040000,+,4
chr12,58040000,+,5
chr12,58040000,+,6
chr12,58040000,+,7
chr12,58040000,+,8
chr12,58040000,+,9
chr12,58040000,+,10
chr12,58040000,+,11
chr12,58045000,+,0
chr12,58045000,+,1
chr12,58045000,+,2
chr12,58045000,+,3
chr12,58045000,+,4
chr12,58045000,+,5
chr12,58045000,+,6
chr12,58045000,+,7
chr12,58045000,+,8
chr12,58045000,+,9
chr12,58045000,+,10
chr12,58045000,+,11
chr12,58050000,+,0
chr12,58050000,+,1
chr12,58050000,+,2
chr12,58050000,+,3
chr12,58050000,+,4
chr12,58050000,+,5
chr12,58050000,+,6
chr12,58050000,+,7
chr12,58050000,+,8
chr12,58050000,+,9
chr12,58050000,+,10
chr12,58050000,+,11
chr12,58055000,+,0
chr12,58055000,+,1
chr12,58055000,+,2
chr12,58055000,+,3
chr12,58055000,+,4
chr12,58055000,+,5
chr12,58055000,+,6
chr12,58055000,+,7
chr12,58055000,+,8
chr12,58055000,+,9
chr12,58055000,+,10
chr12,58055000,+,11
chr12,58060000,+,0
chr12,58060000,+,1
chr12,58060000,+,2
chr12,58060000,+,3
chr12,58060000,+,4
chr12,58060000,+,5
chr12,58060000,+,6
chr12,58060000,+,7
chr12,58060000,+,8
chr12,58060000,+,9
chr12,58060000,+,10
chr12,58060000,+,11
chr12,58065000,+,0
chr12,58065000,+,1
chr12,58065000,+,2
chr12,58065000,+,3
chr12,58065000,+,4
chr12,58065000,+,5
chr12,58065000,+,6
chr12,58065000,+,7
chr12,58065000,+,8
chr12,58065000,+,9
chr12,58065000,+,10
chr12,58065000,+,11
chr12,58070000,+,0
chr12,58070000,+,1
chr12,58070000,+,2
chr12,58070000,+,3
chr12,58070000,+,4
chr12,58070000,+,5
chr12,58070000,+,6
chr12,58070000,+,7
chr12,58070000,+,8
chr12,58070000,+,9
chr12,58070000,+,10
chr12,58070000,+,11
chr12,58075000,+,0
chr12,58075000,+,1
chr12,58075000,+,2
chr12,58075000,+,3
chr12,58075000,+,4
chr12,58075000,+,5
chr12,58075000,+,6
chr12,58075000,+,7
chr12,58075000,+,8
chr12,58075000,+,9
chr12,58075000,+,10
chr12,58075000,+,11
chr12,58080000,+,0
chr12,58080000,+,1
chr12,58080000,+,2
chr12,58080000,+,3
chr12,58080000,+,4
chr12,58080000,+,5
chr12,58080000,+,6
chr12,58080000,+,7
chr12,58080000,+,8
chr12,58080000,+,9
chr12,58080000,+,10
chr12,58080000,+,11
chr12,58085000,+,0
chr12,58085000,+,1
chr12,58085000,+,2
chr12,58085000,+,3
chr12,58085000,+,4
chr12,58085000,+,5
chr12,58085000,+,6
chr12,58085000,+,7
chr12,58085000,+,8
chr12,58085000,+,9
chr12,58085000,+,10
chr12,58085000,+,11
chr12,58090000,+,0
chr12,58090000,+,1
chr12,58090000,+,2
chr12,58090000,+,3
chr12,58090000,+,4
chr12,58090000,+,5
chr12,58090000,+,6
chr12,58090000,+,7
chr12,58090000,+,8
chr12,58090000,+,9
chr12,58090000,+,10
chr12,58090000,+,11
chr12,58095000,+,0
chr12,58095000,+,1
chr12,58095000,+,2
chr12,58095000,+,3
chr12,58095000,+,4
chr12,58095000,+,5
chr12,58095000,+,6
chr12,58095000,+,7
chr12,58095000,+,8
chr12,58095000,+,9
chr12,58095000,+,10
chr12,58095000,+,11
chr12,58100000,+,0
chr12,58100000,+,1
chr12,58100000,+,2
chr12,58100000,+,3
chr12,58100000,+,4
chr12,58100000,+,5
chr12,58100000,+,6
chr12,58100000,+,7
chr12,58100000,+,8
chr12,58100000,+,9
chr12,58100000,+,10
chr12,58100000,+,11
chr12,58105000,+,0
chr12,58105000,+,1
chr12,58105000,+,2
chr12,58105000,+,3
chr12,58105000,+,4
chr12,58105000,+,5
chr12,58105000,+,6
chr12,58105000,+,7
chr12,58105000,+,8
chr12,58105000,+,9
chr12,58105000,+,10
chr12,58105000,+,11
chr12,58110000,+,0
chr12,58110000,+,1
chr12,58110000,+,2
chr12,58110000,+,3
chr12,58110000,+,4
chr12,58110000,+,5
chr12,58110000,+,6
chr12,58110000,+,7
chr12,58110000,+,8
chr12,58110000,+,9
chr12,58110000,+,10
chr12,58110000,+,11
chr12,58115000,+,0
chr12,58115000,+,1
chr12,58115000,+,2
chr12,58115000,+,3
chr12,58115000,+,4
chr12,58115000,+,5
chr12,58115000,+,6
chr12,58115000,+,7
chr12,58115000,+,8
chr12,58115000,+,9
chr12,58115000,+,10
chr12,58115000,+,11
chr12,58120000,+,0
chr12,58120000,+,1
chr12,58120000,+,2
chr12,58120000,+,3
chr12,58120000,+,4
chr12,58120000,+,5
chr12,58120000,+,6
chr12,58120000,+,7
chr12,58120000,+,8
chr12,58120000,+,9
chr12,58120000,+,10
chr12,58120000,+,11
chr12,58125000,+,0
chr12,58125000,+,1
chr12,58125000,+,2
chr12,58125000,+,3
chr12,58125000,+,4
chr12,58125000,+,5
chr12,58125000,+,6
chr12,58125000,+,7
chr12,58125000,+,8
chr12,58125000,+,9
chr12,58125000,+,10
chr12,58125000,+,11
chr12,58130000,+,0
chr12,58130000,+,1
chr12,58130000,+,2
chr12,58130000,+,3
chr12,58130000,+,4
chr12,58130000,+,5
chr12,58130000,+,6
chr12,58130000,+,7
chr12,58130000,+,8
chr12,58130000,+,9
chr12,58130000,+,10
chr12,58130000,+,11
chr12,58135000,+,0
chr12,58135000,+,1
chr12,58135000,+,2
chr12,58135000,+,3
chr12,58135000,+,4
chr12,58135000,+,5
chr12,58135000,+,6
chr12,58135000,+,7
chr12,58135000,+,8
chr12,58135000,+,9
chr12,58135000,+,10
chr12,58135000,+,11
chr12,58140000,+,0
chr12,58140000,+,1
chr12,58140000,+,2
chr12,58140000,+,3
chr12,58140000,+,4
chr12,58140000,+,5
chr12,58140000,+,6
chr12,58140000,+,7
chr12,58140000,+,8
chr12,58140000,+,9
chr12,58140000,+,10
chr12,58140000,+,11
chr12,58145000,+,0
chr12,58145000,+,1
chr12,58145000,+,2
chr12,58145000,+,3
chr12,58145000,+,4
chr12,58145000,+,5
chr12,58145000,+,6
chr12,58145000,+,7
chr12,58145000,+,8
chr12,58145000,+,9
chr12,58145000,+,10
chr12,58145000,+,11
chr12,58150000,+,0
chr12,58150000,+,1
chr12,58150000,+,2
chr12,58150000,+,3
chr12,58150000,+,4
chr12,58150000,+,5
chr12,58150000,+,6
chr12,58150000,+,7
chr12,58150000,+,8
chr12,58150000,+,9
chr12,58150000,+,10
chr12,58150000,+,11
